{"version": "1", "message": "ERROR: Hidden Testcases server unreachable.", "problem_id": "ADS-1 remedial-2", "user_id": "ASairithwikmahateja", "score": {"sample": {"0": {"execution_time": 0.2949395179748535, "passed": false}, "1": {"execution_time": 0.30022358894348145, "passed": false}, "2": {"execution_time": 0.288440465927124, "passed": false}, "3": {"execution_time": 0.2936820983886719, "passed": false}, "4": {"execution_time": 0.28290891647338867, "passed": false}, "5": {"execution_time": 0.2823812961578369, "passed": false}, "6": {"execution_time": 0.31332969665527344, "passed": false}, "7": {"execution_time": 0.27309441566467285, "passed": false}, "8": {"execution_time": 0.33211207389831543, "passed": false}, "9": {"execution_time": 0.24396395683288574, "passed": true}}}, "check_style_score": "0/1"}